Zat_Padat_Terlarut;Kekeruhan;Besi;Fluorida;Total_Hardness;Chlorida;Mangan;Nitrat;Nitrit;Ph;Seng;Sulfat;Senyawa_Aktif_Biru_Metilen;Organik_KMnO4;Suhu;Bakteri_Koli;Kualitas;Zat_Padat_Terlarut,Kekeruhan,Besi,Fluorida,Total_Hardness,Chlorida,Mangan,Nitrat,Nitrit,Ph,Seng,Sulfat,Senyawa_Aktif_Biru_Metilen,Organik_KMnO4,Suhu,Bakteri_Koli,Kualitas
254;01.01;00.13;00.05;93.48.00;30.99;00.05;06.25;0.004;06.08;00.08;40.09.00;00.03;0,086111111;23.09;100;0;254,1.1,0.13,0.05,93.48,30.99,0.05,6.25,0.004,6.8,0.08,40.9,0.03,1.64,23.9,100,0
184;00.01;00.08;00.05;76.09.00;10.33;00.05;00.43;0.003;07.07;00.01;11.13;00.03;02.55;23.09;0;1;184,0.1,0.08,0.05,76.09,10.33,0.05,0.43,0.003,7.7,0.01,11.13,0.03,2.55,23.9,0,1
99;04.03;00.08;00.05;43.48.00;12.03;00.05;0,167361111;0.003;06.06;00.02;0,560416667;00.03;0,110416667;23.09;0;0;99,4.3,0.08,0.05,43.48,12.3,0.05,3.61,0.003,6.6,0.02,12.87,0.03,1.99,23.9,0,0
127;01.04;00.09;00.05;56.52.00;0,068055556;00.09;00.19;0.003;07.05;00.01;08.32;00.03;01.08;23.08;0;1;127,1.4,0.09,0.05,56.52,0.98,0.09,0.19,0.003,7.5,0.01,8.32,0.03,1.8,23.8,0,1
241;00.02;00.08;00.22;97.96;44.01.00;00.43;2;0.003;06.07;00.01;32.64;00.04;02.43;24.09.00;100;0;241,0.02,0.08,0.22,97.96,44.01,0.43,2,0.003,6.7,0.01,32.64,0.04,2.43,24.9,100,0
100.07.00;1;00.08;00.05;47.83;0,149305556;00.05;0,047222222;0.003;07.05;00.01;08.05;00.03;01.48;23.05;0;1;100.7,1,0.08,0.05,47.83,2.95,0.05,0.68,0.003,7.5,0.01,8.5,0.03,1.48,23.5,0,1
154;00.01;00.08;00.05;47.83;33.95;00.15;02.29;0.003;05.01;00.03;0,475694444;00.03;02.21;23.06;0;0;154,0.1,0.08,0.05,47.83,33.95,0.15,2.29,0.003,5.1,0.03,10.85,0.03,2.21,23.6,0,0
125;00.01;00.08;00.05;50;0,636111111;00.05;0,274305556;0.003;06.02;00.01;11.01;00.03;01.31;23.06;200;0;125,0.1,0.08,0.05,50,14.76,0.05,5.95,0.003,6.2,0.01,11.01,0.03,1.31,23.6,200,0
66.07.00;00.01;00.19;00.05;26.09.00;15.25;0,053472222;0,222916667;0.003;6;00.01;0,483333333;00.03;0,103472222;23.04;0;0;66.7,0.1,0.19,0.05,26.09,15.25,0.77,4.81,0.003,6,0.01,10.96,0.03,1.89,23.4,0,0
134;11.02;00.03;00.05;54.35.00;07.38;00.05;0,059027778;0.003;06.08;00.01;24.01.00;00.03;0,084027778;23.05;200;0;134,11.2,0.3,0.05,54.35,7.38,0.05,0.85,0.003,6.8,0.01,24.1,0.03,1.61,23.5,200,0
196;00.01;00.08;00.05;80.43.00;26.57.00;00.05;0,184722222;0.003;06.07;00.04;21.05;00.03;01.23;23.05;300;0;196,0.1,0.08,0.05,80.43,26.57,0.05,3.86,0.003,6.7,0.04,21.5,0.03,1.23,23.5,300,0
113;00.01;00.08;00.05;41.03.00;22.14;00.08;02.53;0.004;05.06;00.04;08.33;00.03;0,092361111;23.08;100;1;113,0.1,0.08,0.05,41.3,22.14,0.08,2.53,0.004,5.6,0.04,8.33,0.03,1.73,23.8,100,1
133;00.01;00.08;00.05;34.78;29.52.00;0,049305556;02.58;0.004;04.07;00.07;0,438888889;00.03;02.11;23.07;0;0;133,0.1,0.08,0.05,34.78,29.52,0.71,2.58,0.004,4.7,0.07,9.92,0.03,2.11,23.7,0,0
118;10.07;00.29;00.05;58.07.00;0,190277778;00.05;00.54;0.003;07.01;00.01;0,417361111;00.03;01.01;23.06;228.08.00;0;118,10.7,0.29,0.05,58.7,3.94,0.05,0.54,0.003,7.1,0.01,9.61,0.03,1.1,23.6,228.8,0
285;00.01;00.08;00.05;119.57.00;41.82;00.05;0,250694444;0.047;06.08;00.02;33.71;00.03;0,1375;23.05;309.92;0;285,0.1,0.08,0.05,119.57,41.82,0.05,5.61,0.047,6.8,0.02,33.71,0.03,2.78,23.5,309.92,0
106.01.00;00.01;00.01;00.05;47.83;0,554861111;00.05;05.04;0.003;06.06;00.02;09.24;00.03;0,063194444;23.04;618;1;106.1,0.1,0.1,0.05,47.83,12.79,0.05,5.4,0.003,6.6,0.02,9.24,0.03,0.91,23.4,618,1
72.03.00;00.01;00.08;00.05;32.61;06.04;00.05;05.19;0.003;06.03;00.01;0,500694444;00.03;01.07;23.05;200;1;72.3,0.1,0.08,0.05,32.61,6.4,0.05,5.19,0.003,6.3,0.01,11.61,0.03,1.7,23.5,200,1
155;00.01;00.08;00.37;60.87;21.15;00.05;07.12;0.003;06.04;00.02;09.04;00.03;00.06;23.05;0;0;155,0.01,0.08,0.37,60.87,21.15,0.05,7.12,0.003,6.4,0.02,9.4,0.03,0.6,23.5,0,0
200;00.01;00.08;00.03;76.09.00;35.91;00.05;0,104861111;0.003;06.02;00.01;10.06;00.03;02.08;23.05;0;1;200,0.1,0.08,0.03,76.09,35.91,0.05,1.91,0.003,6.2,0.01,10.6,0.03,2.08,23.5,0,1
191;12.01;00.03;00.04;80.43.00;0,960416667;00.09;0,047916667;0.003;06.08;00.01;12.47;00.03;01.45;23.06;100;0;191,12.1,0.3,0.04,80.43,22.63,0.09,0.69,0.003,6.8,0.01,12.47,0.03,1.45,23.6,100,0
112;00.01;00.08;00.03;30.43.00;29.03.00;00.17;0,253472222;0.004;06.01;00.04;13.57;00.03;0,130555556;23.05;0;0;112,0.1,0.08,0.03,30.43,29.03,0.17,5.65,0.004,6.1,0.4,13.57,0.03,2.68,23.5,0,0
125;02.01;00.08;00.02;52.17.00;17.22;00.11;07.15;0.003;06.02;00.04;11.14;00.03;01.58;23.07;200;0;125,2.1,0.08,0.2,52.17,17.22,0.11,7.15,0.003,6.2,0.04,11.14,0.03,1.58,23.7,200,0
149;00.01;00.08;00.03;50;28.53.00;00.16;06.05;0.003;6;00.02;0,646527778;00.03;0,108333333;23.06;0;0;149,0.1,0.08,0.03,50,28.53,0.16,6.05,0.003,6,0.02,14.91,0.03,1.96,23.6,0,0
254;00.01;00.08;00.12;108.07.00;42.31.00;00.08;0,096527778;0.005;06.04;00.01;58.66;00.03;01.42;23.06;1700;0;254,0.1,0.08,0.12,108.7,42.31,0.08,1.79,0.005,6.4,0.01,58.66,0.03,1.42,23.6,1700,0
215;00.01;00.08;00.03;63.04.00;34.44.00;00.05;04.49;0.003;06.03;0,056944444;46.13.00;00.03;09.05;23.06;0;0;215,0.1,0.08,0.03,63.04,34.44,0.05,4.49,0.003,6.3,0.82,46.13,0.03,9.05,23.6,0,0
198;00.02;00.08;00.32;59.18.00;27.32.00;00.05;02.36;0.003;07.04;00.01;36.94;00.03;00.08;23.03;0;1;198,0.02,0.08,0.32,59.18,27.32,0.05,2.36,0.003,7.4,0.01,36.94,0.03,0.8,23.3,0,1
244;00.02;00.08;00.33;93.88;38.45.00;00.05;0,266666667;0.005;07.02;00.02;29.05.00;00.03;1;23.03;100;0;244,0.02,0.08,0.33,93.88,38.45,0.05,5.84,0.005,7.2,0.02,29.05,0.03,1,23.3,100,0
415;09.03;00.19;00.42;171.43.00;86.01.00;00.05;0,04375;0.003;08.02;00.01;19.36;00.03;0,096527778;23.05;0;0;415,9.3,0.19,0.42,171.43,86.01,0.05,0.63,0.003,8.2,0.01,19.36,0.03,1.79,23.5,0,0
224;00.02;00.08;00.42;87.76;28.84;00.05;0,255555556;0.003;07.07;00.03;54.89;00.03;01.11;23.07;100;0;224,0.02,0.08,0.42,87.76,28.84,0.05,5.68,0.003,7.7,0.03,54.89,0.03,1.11,23.7,100,0
165;00.07;00.08;00.49;48.98;14.17;00.05;0,085416667;0.005;07.07;00.45;43.82;00.03;0,091666667;23.09;100;0;165,0.7,0.08,0.49,48.98,14.17,0.05,1.63,0.005,7.7,0.45,43.82,0.03,1.72,23.9,100,0
273;00.01;00.08;00.03;73.47.00;70.83;00.07;0,144444444;0.005;07.02;00.03;31.51.00;00.03;0,051388889;23.07;0;0;273,0.1,0.08,0.3,73.47,70.83,0.07,2.88,0.005,7.2,0.03,31.51,0.03,0.74,23.7,0,0
165;00.01;00.08;00.05;48.98;0,672222222;00.05;01.08;0.003;08.01;00.01;34.12.00;00.03;05.24;23.06;0;0;165,0.1,0.08,0.5,48.98,15.68,0.05,1.8,0.003,8.1,0.01,34.12,0.03,5.24,23.6,0,0
253;00.02;00.08;00.35;97.96;33.39.00;00.05;02.57;0.003;06.08;00.03;21.18;00.03;02.04;23.06;0;0;253,0.02,0.08,0.35,97.96,33.39,0.05,2.57,0.003,6.8,0.03,21.18,0.03,2.4,23.6,0,0
219;38.08.00;00.08;00.17;91.84;49.07.00;00.05;0,047916667;00.01;06.07;00.01;17.32;00.13;03.11;23.09;0;0;219,38.8,0.08,0.17,91.84,49.07,0.05,0.69,0.01,6.7,0.01,17.32,0.13,3.11,23.9,0,0
262;00.02;01.24;00.28;87.76;60.71;0,044444444;01.09;0.013;06.07;00.01;06.39;00.03;0,085416667;23.04;500;0;262,0.02,1.24,0.28,87.76,60.71,0.64,1.9,0.013,6.7,0.01,6.39,0.03,1.63,23.4,500,0
149;00.02;00.08;00.07;46.94;27.83;00.05;0,15;0.006;6;00.01;33.36.00;00.03;01.32;23.03;200;1;149,0.02,0.08,0.07,46.94,27.83,0.05,2.96,0.006,6,0.01,33.36,0.03,1.32,23.3,200,1
127;00.01;00.08;00.07;46.94;16.19;00.24;0,144444444;0.003;06.05;00.01;0,357638889;00.03;0,06875;23.01;0;0;127,0.1,0.08,0.07,46.94,16.19,0.24,2.88,0.003,6.5,0.1,7.95,0.03,0.99,23.1,0,0
164;00.02;00.08;00.03;57.14.00;29.85;00.05;06.53;0.003;06.04;00.01;0,259027778;00.03;0,057638889;23.08;0;0;164,0.02,0.08,0.03,57.14,29.85,0.05,6.53,0.003,6.4,0.01,5.73,0.03,0.83,23.8,0,0
209;02.04;00.08;00.13;77.55.00;20.24;00.05;00.52;0.019;07.07;00.01;10.08;00.03;01.05;23.09;0;1;209,2.4,0.08,0.13,77.55,20.24,0.05,0.52,0.019,7.7,0.01,10.8,0.03,1.05,23.9,0,1
408;17.02;00.13;00.04;132.65;65.77;00.05;00.02;0.007;07.01;00.01;38.06.00;00.04;0,085416667;23.07;0;0;408,17.2,0.13,0.04,132.65,65.77,0.05,0.2,0.007,7.1,0.01,38.06,0.04,1.63,23.7,0,0
259;00.02;0,091666667;00.13;104.08.00;43;01.17;06.02;0.013;06.06;00.01;11.53;00.03;0,053472222;24.05.00;0;0;259,0.02,1.72,0.13,104.08,43,1.17,6.02,0.013,6.6,0.01,11.53,0.03,0.77,24.5,0,0
212;00.02;00.08;00.01;79.59.00;34.04.00;00.27;0,141666667;0.008;06.03;0,052777778;0,516666667;00.03;0,06875;24.05.00;0;0;212,0.02,0.08,0.1,79.59,34.4,0.27,2.84,0.008,6.3,0.76,11.84,0.03,0.99,24.5,0,0
167;01.04;00.08;00.14;53.06.00;36.93;00.19;0,102083333;0.003;06.05;00.01;29.65;00.06;0,218055556;24.05.00;0;0;167,1.4,0.08,0.14,53.06,36.93,0.19,1.87,0.003,6.5,0.01,29.65,0.06,4.74,24.5,0,0
213;00.02;00.08;00.15;91.84;26.31.00;00.25;01.58;0.006;06.09;00.02;0,692361111;00.03;0,190277778;24.07.00;0;0;213,0.02,0.08,0.15,91.84,26.31,0.25,1.58,0.006,6.9,0.02,15.97,0.03,3.94,24.7,0,0
189;00.02;00.08;00.15;73.47.00;27.83;00.43;07.58;0.003;06.06;00.03;09.44;00.03;01.11;24.08.00;0;0;189,0.02,0.08,0.15,73.47,27.83,0.43,7.58,0.003,6.6,0.03,9.44,0.03,1.11,24.8,0,0
122;2;00.08;00.17;55.01.00;10.12;00.05;00.24;0.003;07.06;00.06;08.38;00.03;01.05;24.04.00;0;1;122,2,0.08,0.17,55.1,10.12,0.05,0.24,0.003,7.6,0.06,8.38,0.03,1.05,24.4,0,1
310;00.03;00.08;00.14;109.18.00;53.77;00.28;01.41;0,090972222;07.07;00.05;35.84;00.14;00.28;23;0;0;310,0.3,0.08,0.14,109.18,53.77,0.28,1.41,0.131,7.7,0.05,35.84,0.14,0.28,23,0,0
226;07.01;00.08;00.05;93.27.00;29.91;00.06;03.17;0.004;07.08;00.33;21.08;00.03;0,084027778;23.04;100;0;226,7.1,0.08,0.05,93.27,29.91,0.06,3.17,0.004,7.8,0.33,21.8,0.03,1.61,23.4,100,0
177;00.03;00.08;00.05;59.08.00;0,940277778;00.05;0,146527778;0.003;07.06;00.02;22.18;00.03;04.06;23.04;0;0;177,0.3,0.08,0.05,59.8,21.94,0.05,2.91,0.003,7.6,0.02,22.18,0.03,4.6,23.4,0,0
285;00.02;00.08;00.08;153.27.00;38.67;00.58;0,051388889;0.029;07.09;00.02;08.04;00.03;00.19;23.01;0;0;285,0.02,0.08,0.08,153.27,38.67,0.58,0.74,0.029,7.9,0.02,8.04,0.03,0.19,23.1,0,0
418;00.02;00.08;00.21;1164.29.00;34.34.00;00.05;0,089583333;0.003;08.03;00.02;58.27.00;00.03;00.01;23.05;0;0;418,0.02,0.08,0.21,1164.29,34.34,0.05,1.69,0.003,8.3,0.02,58.27,0.03,0.1,23.5,0,0
424;00.04;00.08;00.12;242.45.00;38.72;00.05;0;0.003;08.03;00.19;27.92;00.03;00.28;23;0;0;424,0.4,0.08,0.12,242.45,38.72,0.05,0,0.003,8.3,0.19,27.92,0.03,0.28,23,0,0
421;00.01;00.08;00.05;180.41.00;39.36.00;0,133333333;03.52;03.36;08.01;00.04;05.56;00.03;15.39;23;0;0;421,0.1,0.08,0.05,180.41,39.36,2.72,3.52,3.36,8.1,0.04,5.56,0.03,15.39,23,0,0
314;00.01;00.13;00.05;90.41.00;29.22.00;00.22;0;0.007;08.03;00.02;0,26875;00.03;00.28;23.08;0;1;314,0.1,0.13,0.05,90.41,29.22,0.22,0,0.007,8.3,0.02,5.87,0.03,0.28,23.8,0,1
242;00.02;00.08;00.05;103.67;1,014583333;00.45;0;0.006;08.01;00.02;14.02;00.03;00.07;23.08;0;0;242,0.02,0.08,0.05,103.67,23.81,0.45,0,0.006,8.1,0.02,14.2,0.03,0.07,23.8,0,0
282;00.02;00.08;00.19;0,875694444;39.85;00.09;01.34;0.023;8;00.03;0,233333333;00.03;00.01;23.06;0;1;282,0.02,0.08,0.19,20.61,39.85,0.09,1.34,0.023,8,0.03,4.96,0.03,0.1,23.6,0,1
360;00.02;00.08;00.17;197.96;50.18.00;00.14;02.34;0.021;07.07;00.01;38.07.00;00.03;03.37;23;2700;0;360,0.02,0.08,0.17,197.96,50.18,0.14,2.34,0.021,7.7,0.01,38.07,0.03,3.37,23,2700,0
318;1;00.08;00.28;765.31.00;38.41.00;00.05;03.01;0.005;07.05;00.01;27.64;00.03;0,250694444;23.08;800;0;318,1,0.08,0.28,765.31,38.41,0.05,3.1,0.005,7.5,0.01,27.64,0.03,5.61,23.8,800,0
248;00.01;00.08;00.19;100;43.29.00;00.14;0,188888889;0.003;07.03;00.01;13.41;00.03;03.07;23.08;0;0;248,0.1,0.08,0.19,100,43.29,0.14,3.92,0.003,7.3,0.01,13.41,0.03,3.07,23.8,0,0
195;00.02;00.08;00.05;94.09.00;29.08.00;00.05;0,091666667;0.003;07.06;00.02;04.41;00.03;00.07;23.06;0;1;195,0.02,0.08,0.05,94.9,29.08,0.05,1.72,0.003,7.6,0.02,4.41,0.03,0.07,23.6,0,1
572;00.01;00.08;00.56;34.69;78.72;00.05;00.07;0.003;08.04;00.01;40.97;00.36;08.34;23.01;0;0;572,0.1,0.08,0.56,34.69,78.72,0.05,0.07,0.003,8.4,0.01,40.97,0.36,8.34,23.1,0,0
378;29.04.00;00.08;00.09;116.33.00;38.37.00;00.05;0;0.003;7;00.01;32.06.00;00.28;05.54;23.03;0;0;378,29.4,0.08,0.09,116.33,38.37,0.05,0,0.003,7,0.01,32.06,0.28,5.54,23.3,0,0
3200;03.03;00.08;0,046527778;106.12.00;324.07.00;00.07;0;0.004;08.01;00.01;91.78;00.04;15.45;23.02;0;0;3200,3.3,0.08,0.67,106.12,324.7,0.07,0,0.004,8.1,0.01,91.78,0.04,15.45,23.2,0,0
1810;0,047916667;00.08;00.57;67.35.00;614.97;00.05;00.08;0.006;08.03;00.01;90.22.00;00.03;13.21;23.02;0;0;1810,0.69,0.08,0.57,67.35,614.97,0.05,0.08,0.006,8.3,0.01,90.22,0.03,13.21,23.2,0,0
185;02.04;00.08;00.05;71.43.00;01.48;0,045833333;01.05;0.004;06.07;00.04;36.88;00.03;0,178472222;23.02;0;0;185,2.4,0.08,0.05,71.43,1.48,0.66,1.05,0.004,6.7,0.04,36.88,0.03,3.77,23.2,0,0
296;00.01;00.08;00.07;136.73;47.23.00;00.44;04.19;0.051;06.05;00.06;0,883333333;00.03;04.01;23.02;0;0;296,0.1,0.08,0.07,136.73,47.23,0.44,4.19,0.051,6.5,0.06,20.72,0.03,4.1,23.2,0,0
374;00.01;00.14;00.03;16.33;36.41.00;00.05;0;0.005;08.02;00.01;23.54;00.07;06.44;23.05;0;0;374,0.1,0.14,0.3,16.33,36.41,0.05,0,0.005,8.2,0.01,23.54,0.07,6.44,23.5,0,0
235;00.01;00.08;00.05;108.16.00;359.14.00;00.05;03.48;0.003;07.01;00.01;15.11;00.03;03.05;23.02;100;0;235,0.01,0.08,0.05,108.16,359.14,0.05,3.48,0.003,7.1,0.01,15.11,0.03,3.5,23.2,100,0
301;26.03.00;00.13;00.08;77.55.00;60.51.00;00.59;00.12;0.003;07.05;00.01;15.07;00.45;0,225;23.02;0;0;301,26.3,0.13,0.08,77.55,60.51,0.59,0.12,0.003,7.5,0.01,15.7,0.45,4.84,23.2,0,0
3420;01.15;00.08;0,045138889;120.82;1416.88;00.03;0;0.003;08.04;00.02;231.52.00;00.01;06.08;23.05;0;0;3420,1.15,0.08,0.65,120.82,1416.88,0.3,0,0.003,8.4,0.02,231.52,0.1,6.8,23.5,0,0
470;00.02;00.12;00.03;28.37.00;99.38.00;00.09;0;0.003;8;00.07;61.03.00;00.03;00.13;23.06;300;1;470,0.02,0.12,0.3,28.37,99.38,0.09,0,0.003,8,0.07,61.3,0.03,0.13,23.6,300,1
5210;02.06;00.08;0,04375;840.48.00;3320.37.00;0,303472222;0,133333333;00.06;07.08;00.06;38.61;00.05;28.03.00;23.07;151.84;0;5210,2.6,0.08,0.63,840.48,3320.37,6.77,2.72,0.06,7.8,0.06,38.61,0.05,28.03,23.7,151.84,0
403;02.01;00.08;0,059027778;68.59.00;54.68;00.05;00.25;0.003;08.01;00.01;0,750694444;00.11;19.28;23.07;400;0;403,2.1,0.08,0.85,68.59,54.68,0.05,0.25,0.003,8.1,0.01,17.61,0.11,19.28,23.7,400,0
1170;07.09;00.08;00.54;172.28.00;526.89;00.05;0,138194444;0.011;08.03;00.01;0,691666667;00.08;04.02;23.08;2100;0;1170,7.9,0.08,0.54,172.28,526.89,0.05,2.79,0.011,8.3,0.01,15.96,0.08,4.02,23.8,2100,0
340;0,441666667;00.08;00.41;111.67;30.32.00;00.05;00.24;0.032;8;00.01;24.86;00.06;15.06;23.05;663.04.00;0;340,9.96,0.08,0.41,111.67,30.32,0.05,0.24,0.032,8,0.01,24.86,0.06,15.06,23.5,663.4,0
3930;0,059027778;00.08;0,047916667;101.05.00;1009.03.00;00.01;0,147222222;0.031;07.09;00.01;118.03.00;00.06;0,681944444;23.05;481.05.00;0;3930,0.85,0.08,0.69,101.5,1009.03,0.1,2.92,0.031,7.9,0.01,118.03,0.06,15.82,23.5,481.5,0
2290;03.08;00.09;00.28;87.74;116.81;00.05;02.35;0,181944444;08.03;00.02;45.69;00.02;0,141666667;23.06;700;0;2290,3.8,0.09,0.28,87.74,116.81,0.05,2.35,0.262,8.3,0.02,45.69,0.2,2.84,23.6,700,0
1350;12.07;00.11;00.58;116.45.00;253;00.26;00.01;0.014;08.03;00.01;0,234722222;01.19;08.01;24.02.00;1200;0;1350,12.7,0.11,0.58,116.45,253,0.26,0.01,0.014,8.3,0.01,4.98,1.19,8.1,24.2,1200,0
721;00.01;00.08;0,057638889;74.38.00;74.06.00;00.05;00.09;0.015;08.03;00.01;0,44375;00.06;00.44;24;0;0;721,0.1,0.08,0.83,74.38,74.06,0.05,0.09,0.015,8.3,0.01,9.99,0.06,0.44,24,0,0
1004;00.02;00.08;0,043055556;114.66;119.29.00;00.27;0;0.015;08.03;00.01;54.31.00;00.07;04.38;23.07;1000;0;1004,0.02,0.08,0.62,114.66,119.29,0.27,0,0.015,8.3,0.01,54.31,0.07,4.38,23.7,1000,0
2710;09.05;00.08;0,056944444;154.34.00;438.41.00;00.19;00.01;0.022;08.04;00.01;29.78;00.44;0,502777778;23.06;5200;0;2710,9.5,0.08,0.82,154.34,438.41,0.19,0.01,0.022,8.4,0.01,29.78,0.44,11.64,23.6,5200,0
1061;01.05;00.31;01.33;133.08.00;350.43.00;01.13;00.26;0.003;08.03;01.13;52.27.00;00.26;07.41;23.09;2400;0;1061,1.5,0.31,1.33,133.8,350.43,1.13,0.26,0.003,8.3,1.13,52.27,0.26,7.41,23.9,2400,0
454;13.03;00.08;0,060416667;98.09.00;63.13.00;0,068055556;00.14;0.006;08.02;00.02;0,476388889;00.06;30.82;23.01;153.92;0;454,13.3,0.08,0.87,98.9,63.13,0.98,0.14,0.006,8.2,0.02,10.86,0.06,30.82,23.1,153.92,0
2190;03.07;00.08;0,053472222;289.08.00;983.95;00.05;00.22;0.018;08.03;00.01;65.54.00;00.06;14.04;23;556.02.00;0;2190,3.7,0.08,0.77,289.8,983.95,0.05,0.22,0.018,8.3,0.01,65.54,0.06,14.4,23,556.2,0
435;00.02;00.08;00.44;103.06.00;132.34.00;00.07;00.54;0.017;08.02;00.01;0,551388889;00.04;05.09;23.09;109.02.00;0;435,0.02,0.08,0.44,103.06,132.34,0.07,0.54,0.017,8.2,0.01,12.74,0.04,5.09,23.9,109.2,0
453;00.02;00.08;00.49;178.16.00;63.46.00;0,085416667;0;0.011;08.03;00.01;10.55;00.14;0,140972222;23.07;679.08.00;0;453,0.02,0.08,0.49,178.16,63.46,1.63,0,0.011,8.3,0.01,10.55,0.14,2.83,23.7,679.8,0
2110;28.03.00;00.01;00.33;425.51.00;909.17.00;01.32;00.08;0.035;8;00.01;58.52.00;00.05;11.07;23.03;2500;0;2110,28.3,0.1,0.33,425.51,909.17,1.32,0.08,0.035,8,0.01,58.52,0.05,11.07,23.3,2500,0
607;05.02;00.08;00.56;171.02.00;111.68;0,04375;01.09;0,234722222;08.01;00.01;16.38;00.05;09.15;23.01;1800;0;607,5.2,0.08,0.56,171.02,111.68,0.63,1.9,0.338,8.1,0.01,16.38,0.05,9.15,23.1,1800,0
2100;04.08;00.08;0,054861111;178.37.00;841.27.00;00.05;00.29;00.03;08.04;00.01;14.18;00.15;15.56;23;535.06.00;0;2100,4.8,0.08,0.79,178.37,841.27,0.05,0.29,0.03,8.4,0.01,14.18,0.15,15.56,23,535.6,0
1400;1;00.08;00.54;266.53.00;479.67;00.05;00.03;0.007;08.02;00.01;12.27;00.08;07.58;23.09;327;0;1400,1,0.08,0.54,266.53,479.67,0.05,0.03,0.007,8.2,0.01,12.27,0.08,7.58,23.9,327,0
1900;00.07;00.08;00.42;145.92;646.95;00.05;0,084027778;0.015;08.03;00.01;0,625694444;00.18;12.14;23.08;100;0;1900,0.7,0.08,0.42,145.92,646.95,0.05,1.61,0.015,8.3,0.01,14.61,0.18,12.14,23.8,100,0
1720;00.02;00.08;00.48;149.39.00;637.11.00;00.17;0,042361111;0.013;08.05;00.01;25.89;00.03;0,420833333;23.04;0;0;1720,0.02,0.08,0.48,149.39,637.11,0.17,0.61,0.013,8.5,0.01,25.89,0.03,9.66,23.4,0,0
5000;00.02;00.08;0,047916667;256.12.00;2312.28.00;0,091666667;0;0.008;8;00.01;61.25.00;00.04;08.18;23.03;0;0;5000,0.02,0.08,0.69,256.12,2312.28,1.72,0,0.008,8,0.01,61.25,0.04,8.18,23.3,0,0
699;28.08.00;00.21;0,045138889;242.86;87.08.00;01.29;00.02;0.045;8;00.01;16.04;00.05;0,96875;23.01;312;0;699,28.8,0.21,0.65,242.86,87.08,1.29,0.2,0.045,8,0.01,16.04,0.05,22.75,23.1,312,0
481;00.01;00.08;00.36;220.61;49.79;0,051388889;0,170138889;00.48;07.08;00.01;44.36.00;00.01;0,378472222;23.01;844.06.00;0;481,0.1,0.08,0.36,220.61,49.79,0.74,3.65,0.48,7.8,0.01,44.36,0.1,8.65,23.1,844.6,0
941;10.08;00.08;00.39;194.49.00;287.31.00;00.58;00.04;0.009;8;00.02;67.99;00.03;02.08;23.01;147.68;0;941,10.8,0.08,0.39,194.49,287.31,0.58,0.4,0.009,8,0.02,67.99,0.03,2.8,23.1,147.68,0
674;04.03;00.08;01.22;95.51.00;208.77;00.05;00.21;0,091666667;08.02;00.01;12.17;00.05;15.13;23.08;100;0;674,4.3,0.08,1.22,95.51,208.77,0.05,0.21,0.132,8.2,0.01,12.17,0.05,15.13,23.8,100,0
491;05.01;00.59;00.57;120.84;77.04.00;00.06;00.11;0.011;08.01;00.03;0,814583333;00.09;0,520138889;23.09;823.09.00;0;491,5.1,0.59,0.57,120.84,77.04,0.6,0.11,0.011,8.1,0.03,18.93,0.09,11.89,23.9,823.9,0
1190;00.09;00.16;01.54;87.54.00;384.73;00.06;00.21;0.003;08.05;00.01;32.47.00;00.03;0,558333333;23.04;400;0;1190,0.9,0.16,1.54,87.54,384.73,0.06,0.21,0.003,8.5,0.01,32.47,0.3,12.84,23.4,400,0
884;00.02;00.08;00.05;63.06.00;124.47.00;00.05;0;0.003;08.05;00.01;104.63;00.03;00.01;23.03;0;0;884,0.02,0.08,0.5,63.06,124.47,0.05,0,0.003,8.5,0.01,104.63,0.03,0.1,23.3,0,0
421;00.02;00.08;00.04;31.43.00;54.61;00.05;00.24;0.003;08.03;00.03;08.42;00.03;00.28;23.02;0;1;421,0.02,0.08,0.4,31.43,54.61,0.05,0.24,0.003,8.3,0.03,8.42,0.03,0.28,23.2,0,1
567;00.02;00.08;0,050694444;167.14.00;75.27.00;00.05;0;0.003;08.03;00.01;22.43;00.03;00.25;23.01;0;0;567,0.02,0.08,0.73,167.14,75.27,0.05,0,0.003,8.3,0.01,22.43,0.03,0.25,23.1,0,0
421;00.02;00.08;00.04;31.43.00;54.61;00.05;00.24;0.003;08.03;00.03;08.42;00.03;00.28;23.02;0;0;421,0.02,0.08,0.4,31.43,54.61,0.05,0.24,0.003,8.3,0.03,8.42,0.03,0.28,23.2,0,0
1670;00.07;00.08;00.47;179.59.00;388.66;00.36;01.14;0.028;08.06;00.01;87.94;00.05;0,275694444;24.08.00;0;0;1670,0.7,0.08,0.47,179.59,388.66,0.36,1.14,0.028,8.6,0.01,87.94,0.05,5.97,24.8,0,0
274;00.05;00.08;00.17;40.82;32.96;00.05;01.18;0.006;08.04;00.01;0,973611111;00.03;04.37;24.05.00;1200;0;274,0.5,0.08,0.17,40.82,32.96,0.05,1.18,0.006,8.4,0.01,22.82,0.03,4.37,24.5,1200,0
1520;01.03;00.08;00.32;130.61;388.66;0,061805556;00.01;0.012;08.08;00.01;62.32.00;0,045138889;22.32;24.03.00;2800;0;1520,1.3,0.08,0.32,130.61,388.66,0.89,0.1,0.012,8.8,0.01,62.32,0.65,22.32,24.3,2800,0
637;01.08;00.22;00.32;191.84;88.56.00;01.06;03.35;0.006;08.05;03.09;107.43.00;00.03;03.04;24.03.00;900;0;637,1.8,0.22,0.32,191.84,88.56,1.6,3.35,0.006,8.5,3.9,107.43,0.03,3.04,24.3,900,0
517;57.08.00;00.08;00.42;165.01.00;56.67;00.05;0,177083333;0,135416667;08.01;00.03;84.49.00;00.07;15.06;24;318;0;517,57.8,0.08,0.42,165.1,56.67,0.05,3.75,0.195,8.1,0.03,84.49,0.07,15.06,24,318,0
549;00.55;00.08;00.03;14.16;106.37.00;00.05;00.13;0.008;8;00.01;48.95;00.08;05.44;23.07;128.96;0;549,0.55,0.08,0.3,14.16,106.37,0.05,0.13,0.008,8,0.01,48.95,0.08,5.44,23.7,128.96,0
536;04.23;00.08;00.35;0,525;46.23.00;00.05;00.12;0.009;08.04;00.01;04.34;00.07;05.07;23.07;2000;0;536,4.23,0.08,0.35,11.96,46.23,0.05,0.12,0.009,8.4,0.01,4.34,0.07,5.7,23.7,2000,0
493;00.02;00.08;00.08;83.35.00;69.09.00;00.05;00.05;0.004;08.04;00.01;34.88;00.06;06.38;23.08;0;0;493,0.02,0.08,0.8,83.35,69.09,0.05,0.5,0.004,8.4,0.01,34.88,0.06,6.38,23.8,0,0
737;00.23;00.08;00.23;0,608333333;131.22.00;00.05;00.04;0.006;08.03;00.03;64.08.00;00.06;0,340972222;23.05;1600;0;737,0.23,0.08,0.23,13.96,131.22,0.05,0.04,0.006,8.3,0.03,64.8,0.06,7.71,23.5,1600,0
434;0,130555556;00.08;00.22;51.02.00;44.01.00;00.05;01.31;0.004;07.06;00.04;44.21.00;00.03;04.02;23.09;118.56.00;0;434,2.68,0.08,0.22,51.02,44.01,0.05,1.31,0.004,7.6,0.04,44.21,0.03,4.2,23.9,118.56,0
355;0,679861111;0,056944444;00.19;73.47.00;38.96;00.18;00.17;0.005;07.06;00.03;72.63;00.03;09.54;23.09;100;0;355,15.79,0.82,0.19,73.47,38.96,0.18,0.17,0.005,7.6,0.03,72.63,0.03,9.54,23.9,100,0
500;01.42;00.08;00.19;112.24.00;86.01.00;00.18;01.44;00.14;07.04;00.01;102.67;00.01;0,765277778;23.07;3000;0;500,1.42,0.08,0.19,112.24,86.01,0.18,1.44,0.14,7.4,0.01,102.67,0.1,17.82,23.7,3000,0
500;01.42;00.08;00.19;112.24.00;86.01.00;00.18;01.44;00.14;07.04;00.01;102.67;00.01;0,765277778;23.07;3000;0;500,1.42,0.08,0.19,112.24,86.01,0.18,1.44,0.14,7.4,0.01,102.67,0.1,17.82,23.7,3000,0
415;00.03;00.16;0,054166667;14.16;55.17.00;00.05;0,06875;0.003;08.04;00.01;53.05.00;00.05;07.28;23.09;0;0;415,0.3,0.16,0.78,14.16,55.17,0.05,0.99,0.003,8.4,0.01,53.5,0.05,7.28,23.9,0,0
386;17.07;00.15;0,060416667;118.84;38.37.00;0,107638889;00.03;0.027;08.02;00.01;22;00.15;04.59;23.07;133.12.00;0;386,17.7,0.15,0.87,118.84,38.37,1.95,0.3,0.027,8.2,0.01,22,0.15,4.59,23.7,133.12,0
548;00.02;00.08;0,059027778;162.11.00;78.04.00;01.18;00.37;0.008;08.03;00.01;111.15.00;00.06;03.54;23.01;885.08.00;0;548,0.02,0.08,0.85,162.11,78.04,1.18,0.37,0.008,8.3,0.01,111.15,0.06,3.54,23.1,885.8,0
394;23.05;0,061111111;0,047916667;88.53.00;53.24.00;02.19;00.16;0.003;08.04;00.01;37.98;00.07;0,227083333;23;160.16.00;0;394,23.5,0.88,0.69,88.53,53.24,2.19,0.16,0.003,8.4,0.01,37.98,0.07,4.87,23,160.16,0
2380;02.01;00.08;00.05;76.77;381.74;00.34;00.08;0.004;08.03;00.01;118.17.00;00.26;04.21;23.05;100;0;2380,2.01,0.08,0.5,76.77,381.74,0.34,0.08,0.004,8.3,0.01,118.17,0.26,4.21,23.5,100,0
162;00.03;00.08;00.11;46.66;14.41;00.05;0,094444444;0.004;07.07;00.02;0,651388889;00.05;08.02;23.05;0;0;162,0.03,0.08,0.11,46.66,14.41,0.05,1.76,0.004,7.7,0.2,14.98,0.05,8.2,23.5,0,0
636;02.35;00.08;00.25;115.25.00;64.12.00;00.05;01.47;0,072222222;08.03;01.07;62.62;00.06;09.02;23.05;400;0;636,2.35,0.08,0.25,115.25,64.12,0.05,1.47,0.104,8.3,1.7,62.62,0.06,9.2,23.5,400,0
844;01.03;00.08;00.56;213.36.00;2122.45.00;00.26;01.15;0.064;08.01;00.01;107.08.00;00.06;0,304166667;23.04;139.36.00;0;844,1.3,0.08,0.56,213.36,2122.45,0.26,1.15,0.064,8.1,0.01,107.8,0.06,6.78,23.4,139.36,0
1220;0,150694444;00.08;00.45;239.28.00;422.05.00;00.42;0,130555556;0.033;8;00.01;61.96;00.07;27.84;23.05;282.88;0;1220,2.97,0.08,0.45,239.28,422.5,0.42,2.68,0.033,8,0.01,61.96,0.07,27.84,23.5,282.88,0
605;00.02;00.08;00.15;62.61;140.17.00;00.14;0,086805556;0.015;07.09;00.05;62.06.00;00.06;0,085416667;23.03;0;0;605,0.02,0.08,0.15,62.61,140.17,0.14,1.65,0.015,7.9,0.05,62.6,0.06,1.63,23.3,0,0
1530;51.85;00.08;00.42;28.51.00;551.74;00.05;0,045833333;0.014;08.03;00.01;67.77;00.52;0,768055556;23.05;710.07.00;0;1530,51.85,0.08,0.42,28.51,551.74,0.05,0.66,0.014,8.3,0.01,67.77,0.52,17.86,23.5,710.7,0
508;00.26;00.08;00.44;136.59.00;47.72;00.34;0,129861111;0,077083333;07.08;00.01;35.96;00.07;19.44;23.04;422.03.00;0;508,0.26,0.08,0.44,136.59,47.72,0.34,2.67,0.111,7.8,0.01,35.96,0.07,19.44,23.4,422.3,0
5290;00.41;00.08;00.05;368.89;2982.37.00;0,098611111;00.19;0.042;08.03;00.01;130.12.00;00.27;30.57.00;23.04;0;0;5290,0.41,0.08,0.5,368.89,2982.37,1.82,0.19,0.042,8.3,0.01,130.12,0.27,30.57,23.4,0,0
436;04.01;00.08;00.05;112.86;38.77;00.24;0,105555556;0.062;07.07;00.01;43.17.00;00.07;19.07;23.03;631.03.00;0;436,4.01,0.08,0.5,112.86,38.77,0.24,1.92,0.062,7.7,0.01,43.17,0.07,19.7,23.3,631.3,0
859;01.06;00.08;00.34;14.16;164.03.00;00.05;00.04;0.005;08.05;00.04;0,638194444;00.25;26.19.00;24;100;0;859,1.6,0.08,0.34,14.16,164.03,0.05,0.4,0.005,8.5,0.04,14.79,0.25,26.19,24,100,0
448;0,084027778;00.08;00.45;21.34;47.32.00;00.11;0,063888889;0.007;08.03;00.01;13.04;00.06;06.38;23.06;200;0;448,1.61,0.08,0.45,21.34,47.32,0.11,0.92,0.007,8.3,0.01,13.04,0.06,6.38,23.6,200,0
541;00.02;00.08;00.05;119.64;71.08.00;00.09;01.08;0.007;08.03;00.02;52.08.00;00.06;0,232638889;23.08;772.05.00;0;541,0.02,0.08,0.5,119.64,71.08,0.09,1.08,0.007,8.3,0.02,52.08,0.06,4.95,23.8,772.5,0
590;00.53;00.08;00.36;20.54;98.42.00;00.05;00.08;0.005;08.04;00.06;47.63;00.05;06.51;23.07;1600;0;590,0.53,0.08,0.36,20.54,98.42,0.05,0.08,0.005,8.4,0.06,47.63,0.05,6.51,23.7,1600,0
356;00.37;00.08;00.17;102.04.00;50.59.00;00.35;0,09375;0.009;7;00.01;55.85;00.03;06.04;23.07;1900;0;356,0.37,0.08,0.17,102.04,50.59,0.35,1.75,0.009,7,0.01,55.85,0.03,6.04,23.7,1900,0
431;0,342361111;00.24;00.05;144.09.00;63.24.00;01.19;0;0.003;07.01;00.01;36.14.00;00.06;0,5125;23.06;193.44.00;0;431,7.73,0.24,0.05,144.9,63.24,1.19,0,0.003,7.1,0.01,36.14,0.06,11.78,23.6,193.44,0
285;00.25;00.08;00.05;128.57.00;26.31.00;00.47;03.39;0.003;07.04;00.01;49.75;00.03;03.07;23.08;0;0;285,0.25,0.08,0.05,128.57,26.31,0.47,3.39,0.003,7.4,0.01,49.75,0.03,3.7,23.8,0,0
548;00.02;00.08;0,059027778;162.11.00;78.04.00;01.18;00.37;0.008;08.03;00.01;111.15.00;00.06;03.54;23.01;885.08.00;0;548,0.02,0.08,0.85,162.11,78.04,1.18,0.37,0.008,8.3,0.01,111.15,0.06,3.54,23.1,885.8,0
216;00.02;00.08;00.05;77.55.00;29.85;00.05;02.12;0.003;07.01;00.13;0,338194444;00.03;04.37;23.07;100;0;216,0.02,0.08,0.05,77.55,29.85,0.05,2.12,0.003,7.1,0.13,7.67,0.03,4.37,23.7,100,0
212;00.01;00.08;00.17;73.47.00;26.81;00.27;03.09;0.009;06.07;00.01;0,427083333;00.03;0,234027778;23.07;0;0;212,0.01,0.08,0.17,73.47,26.81,0.27,3.09,0.009,6.7,0.01,9.75,0.03,4.97,23.7,0,0
219;0,045138889;00.08;00.05;77.55.00;30.35.00;00.05;0,167361111;0.003;7;00.01;35.44.00;00.03;1;23.08;1900;1;219,0.65,0.08,0.05,77.55,30.35,0.05,3.61,0.003,7,0.01,35.44,0.03,1,23.8,1900,1
186;2;00.08;00.12;34.03.00;42.45.00;00.05;01.22;0.011;07.08;00.05;0,890972222;00.21;03.22;23.09;0;0;186,2,0.08,0.12,34.3,42.45,0.05,1.22,0.011,7.8,0.05,20.83,0.21,3.22,23.9,0,0
1025;00.03;00.08;0,051388889;168.03.00;138.68;00.05;02.43;0,086805556;08.03;00.01;87.85;00.07;0,186805556;23.06;4900;0;1025,0.3,0.08,0.74,168.3,138.68,0.05,2.43,0.125,8.3,0.01,87.85,0.07,3.89,23.6,4900,0
2270;16.06;00.08;0,049305556;94.52.00;602.44.00;13.56;00.34;0.003;07.08;00.02;137.86;00.11;05.51;23.07;0;0;2270,16.6,0.08,0.71,94.52,602.44,13.56,0.34,0.003,7.8,0.02,137.86,0.11,5.51,23.7,0,0
1610;00.03;00.08;0,050694444;221.93;656.12.00;00.07;01.02;0.079;07.09;00.01;134.21.00;00.09;0,234027778;23.06;400;0;1610,0.3,0.08,0.73,221.93,656.12,0.07,1.02,0.079,7.9,0.01,134.21,0.09,4.97,23.6,400,0
500;01.07;00.08;00.02;67.35.00;59.04.00;00.05;00.24;0.006;08.05;00.01;73.11.00;00.03;04.17;24.05.00;0;0;500,1.7,0.08,0.2,67.35,59.04,0.05,0.24,0.006,8.5,0.01,73.11,0.03,4.17,24.5,0,0
266;0,052777778;00.08;00.14;85.71;24.79;00.05;02.33;0.003;07.04;00.01;30.89;00.03;09.24;23.07;400;0;266,0.76,0.08,0.14,85.71,24.79,0.05,2.33,0.003,7.4,0.01,30.89,0.03,9.24,23.7,400,0
281;00.01;00.08;00.05;108.16.00;45.53.00;00.02;0,125694444;0.003;06.08;00.01;21.06;00.03;05.01;23.07;0;0;281,0.01,0.08,0.05,108.16,45.53,0.2,2.61,0.003,6.8,0.01,21.06,0.03,5.01,23.7,0,0
335;44.17.00;00.04;00.05;112.24.00;41.49.00;00.58;01.26;0.003;07.01;00.14;27.44.00;00.02;0,806944444;23.06;100;0;335,44.17,0.4,0.05,112.24,41.49,0.58,1.26,0.003,7.1,0.14,27.44,0.2,18.82,23.6,100,0
302;00.17;00.08;00.05;143.47.00;39.36.00;00.05;0,109722222;0.003;07.09;00.07;63.92;00.03;09.11;23.02;1200;0;302,0.17,0.08,0.05,143.47,39.36,0.05,1.98,0.003,7.9,0.07,63.92,0.03,9.11,23.2,1200,0
453;00.02;00.08;00.05;216.73;70.84;00.05;0,179861111;0.006;07.09;00.03;55.16.00;00.03;11.41;23.01;200;0;453,0.02,0.08,0.05,216.73,70.84,0.05,3.79,0.006,7.9,0.03,55.16,0.03,11.41,23.1,200,0
330;02.18;00.24;00.05;155.01.00;41.92;00.29;0;0.003;07.07;00.04;27.48.00;00.03;0,401388889;23.01;0;0;330,2.18,0.24,0.05,155.1,41.92,0.29,0,0.003,7.7,0.04,27.48,0.03,8.98,23.1,0,0
294;03.04;00.46;00.05;104.08.00;67.89;01.12;0;0.005;08.05;00.01;25.08.00;00.03;0,310416667;24.05.00;0;0;294,3.4,0.46,0.05,104.08,67.89,1.12,0,0.005,8.5,0.01,25.08,0.03,6.87,24.5,0,0
431;00.07;00.01;00.16;171.43.00;418.18.00;00.05;0;0.006;08.04;00.01;184.11.00;00.03;05.11;24.05.00;0;0;431,0.7,0.1,0.16,171.43,418.18,0.05,0,0.006,8.4,0.01,184.11,0.03,5.11,24.5,0,0
432;01.04;00.08;00.07;122.45.00;59.04.00;00.06;01.46;0.004;08.07;03.43;112.35.00;00.06;04.04;24;0;0;432,1.4,0.08,0.07,122.45,59.04,0.6,1.46,0.004,8.7,3.43,112.35,0.06,4.4,24,0,0
195;00.01;00.08;00.05;67.35.00;43.29.00;00.05;03.52;0.004;08.02;00.06;0,980555556;00.03;05.27;24.03.00;0;0;195,0.01,0.08,0.05,67.35,43.29,0.05,3.52,0.004,8.2,0.06,22.92,0.03,5.27,24.3,0,0
363;07.08;00.29;00.05;151.02.00;50.18.00;01.14;00.25;0.005;08.04;00.01;73.38.00;00.06;0,183333333;24.01.00;0;0;363,7.8,0.29,0.05,151.02,50.18,1.14,0.25,0.005,8.4,0.01,73.38,0.06,3.84,24.1,0,0
240;00.01;00.08;00.05;91.84;44.28.00;00.05;0,093055556;0.005;08.05;00.05;36.44.00;00.12;05.31;24.01.00;0;0;240,0.01,0.08,0.05,91.84,44.28,0.05,1.74,0.005,8.5,0.05,36.44,0.12,5.31,24.1,0,0
186;00.02;00.08;00.12;71.43.00;30.86;00.05;0,134027778;0.004;06.07;00.01;20.53;00.03;00.49;24.06.00;0;1;186,0.02,0.08,0.12,71.43,30.86,0.05,2.73,0.004,6.7,0.1,20.53,0.03,0.49,24.6,0,1
218;00.02;00.08;00.16;75.51.00;50.09.00;00.05;02.32;0.003;06.09;00.01;0,7125;00.03;02.16;24.06.00;0;0;218,0.02,0.08,0.16,75.51,50.09,0.05,2.32,0.003,6.9,0.01,16.66,0.03,2.16,24.6,0,0
170;00.02;00.08;00.11;71.43.00;0,545138889;00.05;0,065277778;0.003;7;00.01;13.29;00.03;1;24.07.00;100;1;170,0.02,0.08,0.11,71.43,12.65,0.05,0.94,0.003,7,0.01,13.29,0.03,1,24.7,100,1
319;00.04;00.08;00.17;128.57.00;50.09.00;00.05;0,042361111;0.004;07.02;00.01;30.27.00;00.04;00.34;24.07.00;947.06.00;1;319,0.4,0.08,0.17,128.57,50.09,0.05,0.61,0.004,7.2,0.01,30.27,0.04,0.34,24.7,947.6,1
296;00.02;00.08;00.32;130.61;32.38.00;00.05;00.15;0.004;07.04;00.02;13.11;00.03;00.19;24.08.00;0;1;296,0.02,0.08,0.32,130.61,32.38,0.05,0.15,0.004,7.4,0.02,13.11,0.03,0.19,24.8,0,1
226;00.02;00.08;00.15;83.67;43.51.00;00.07;0,043055556;0.004;06.07;00.01;22.12;00.03;00.25;24.08.00;0;1;226,0.02,0.08,0.15,83.67,43.51,0.07,0.62,0.004,6.7,0.01,22.12,0.03,0.25,24.8,0,1
362;00.02;00.08;00.19;153.06.00;31.87;00.05;0;0.016;07.09;00.01;0,969444444;00.03;00.25;24.07.00;100;1;362,0.02,0.08,0.19,153.06,31.87,0.05,0,0.016,7.9,0.01,22.76,0.03,0.25,24.7,100,1
184;00.02;00.08;00.17;47.46.00;29.08.00;00.05;03.12;0.006;07.03;00.15;0,677083333;00.06;03.23;23.07;0;0;184,0.2,0.08,0.17,47.46,29.08,0.05,3.12,0.006,7.3,0.15,15.75,0.06,3.23,23.7,0,0
287;00.02;00.08;00.02;95.71;44.24.00;00.05;03.01;0.004;08.01;00.03;11.32;00.05;0,1375;23.07;319.03.00;0;287,0.02,0.08,0.2,95.71,44.24,0.05,3.01,0.004,8.1,0.03,11.32,0.05,2.78,23.7,319.3,0
144;00.03;00.08;00.32;60.22.00;13.12;00.14;01.31;0.007;07.09;00.03;11.12;00.05;02.13;23.06;0;0;144,0.3,0.08,0.32,60.22,13.12,0.14,1.31,0.007,7.9,0.03,11.12,0.05,2.13,23.6,0,0
328;00.02;00.08;00.14;127.82;23.01;00.05;00.05;0.015;08.04;00.02;07.24;00.05;0,186111111;23.06;1200;0;328,0.02,0.08,0.14,127.82,23.01,0.05,0.05,0.015,8.4,0.02,7.24,0.05,3.88,23.6,1200,0
357;00.02;00.08;00.29;113.86;51.02.00;00.14;03.14;0.032;8;00.03;15.27;00.05;0,188194444;23.08;0;0;357,0.2,0.08,0.29,113.86,51.2,0.14,3.14,0.032,8,0.03,15.27,0.05,3.91,23.8,0,0
307;00.02;00.08;00.05;119.18.00;46.74;00.05;04.03;0.005;07.08;00.01;0,557638889;00.04;00.17;23.01;0;1;307,0.02,0.08,0.05,119.18,46.74,0.05,4.03,0.005,7.8,0.01,12.83,0.04,0.17,23.1,0,1
363;00.02;00.08;00.05;138.19.00;27.69;00.05;01.44;0.005;08.03;00.01;70;00.07;05.07;23.08;800;0;363,0.02,0.08,0.05,138.19,27.69,0.05,1.44,0.005,8.3,0.01,70,0.07,5.7,23.8,800,0
239;00.02;00.36;00.05;70.99;163.04.00;00.12;02.08;0.004;07.07;00.04;23.01;00.06;06.41;23.09;0;0;239,0.2,0.36,0.05,70.99,163.04,0.12,2.8,0.004,7.7,0.04,23.1,0.06,6.41,23.9,0,0
261;13.04;00.39;00.34;110.02.00;1,0125;00.08;00.33;0.003;08.03;00.03;12.21;00.03;0,057638889;23.07;0;0;261,13.4,0.39,0.34,110.2,23.78,0.08,0.33,0.003,8.3,0.03,12.21,0.03,0.83,23.7,0,0
402;00.08;00.08;00.41;132.65;55.65;01.01;0,358333333;0,110416667;07.09;00.04;08.43;00.03;06.59;23.06;0;0;402,0.8,0.08,0.41,132.65,55.65,1.1,7.96,1.99,7.9,0.04,8.43,0.03,6.59,23.6,0,0
360;00.04;00.08;00.02;163.04.00;50.59.00;01.24;00.04;0.003;07.07;00.01;17.05;00.02;0,094444444;24.03.00;0;0;360,0.4,0.08,0.2,163.04,50.59,1.24,0.04,0.003,7.7,0.01,17.5,0.2,1.76,24.3,0,0
371;01.05;00.08;00.51;178.26.00;53.63;00.01;00.23;0.003;07.05;00.01;30.29.00;00.11;01.39;24.03.00;100;0;371,1.5,0.08,0.51,178.26,53.63,0.1,0.23,0.003,7.5,0.01,30.29,0.11,1.39,24.3,100,0
209;00.04;00.08;00.05;91.84;39.36.00;00.05;0,059722222;0.004;07.03;00.02;09.03;00.03;03.57;23.01;192.04.00;0;209,0.4,0.08,0.05,91.84,39.36,0.05,0.86,0.004,7.3,0.02,9.3,0.03,3.57,23.1,192.4,0
83;00.01;00.08;00.24;36.73;11.13;00.05;05.45;0.005;07.07;00.02;04.02;00.03;00.46;23.09;0;1;83,0.1,0.08,0.24,36.73,11.13,0.05,5.45,0.005,7.7,0.02,4.02,0.03,0.46,23.9,0,1
111;00.02;00.08;00.23;40.82;27.83;00.05;06.09;0.003;06.06;00.01;04.01;00.03;00.37;23.07;0;1;111,0.02,0.08,0.23,40.82,27.83,0.05,6.09,0.003,6.6,0.01,4.01,0.03,0.37,23.7,0,1
163;00.02;00.08;00.27;61.22.00;25.03.00;00.05;0,106944444;0.003;06.04;00.03;0,193055556;00.03;00.55;23.08;0;1;163,0.2,0.08,0.27,61.22,25.3,0.05,1.94,0.003,6.4,0.03,3.98,0.03,0.55,23.8,0,1
227;00.01;00.08;00.26;89.08.00;28.84;00.05;07.11;0.013;06.06;00.08;09.23;00.03;0,051388889;23.01;1400;0;227,0.01,0.08,0.26,89.8,28.84,0.05,7.11,0.013,6.6,0.08,9.23,0.03,0.74,23.1,1400,0
139;00.01;00.08;00.15;55.01.00;0,842361111;00.05;07.59;0.003;06.06;00.05;04.27;00.03;0,059722222;23.03;0;0;139,0.01,0.08,0.15,55.1,19.73,0.05,7.59,0.003,6.6,0.05,4.27,0.03,0.86,23.3,0,0
172;00.01;00.08;00.02;57.14.00;35.41.00;00.05;07.15;0.003;6;00.04;06.35;00.05;02.16;23.04;0;0;172,0.01,0.08,0.2,57.14,35.41,0.05,7.15,0.003,6,0.04,6.35,0.05,2.16,23.4,0,0
270;00.05;00.32;00.48;108.16.00;34.04.00;00.05;0,174305556;0.004;07.03;00.03;0,422222222;00.03;0,061805556;23.07;525.03.00;0;270,0.5,0.32,0.48,108.16,34.4,0.05,3.71,0.004,7.3,0.03,9.68,0.03,0.89,23.7,525.3,0
256;00.02;00.08;00.02;116.33.00;0,5875;00.08;02.06;0.005;07.07;00.01;16.13;00.03;00.07;24.08.00;0;0;256,0.02,0.08,0.2,116.33,13.66,0.08,2.06,0.005,7.7,0.01,16.13,0.03,0.7,24.8,0,0
252;00.02;00.08;00.02;73.47.00;50.59.00;00.05;0,044444444;0.004;07.03;00.01;27.38.00;00.03;02.28;24.08.00;0;0;252,0.02,0.08,0.2,73.47,50.59,0.05,0.64,0.004,7.3,0.01,27.38,0.03,2.28,24.8,0,0
393;0,356944444;00.08;00.05;192.65;41.52.00;0,04375;00.24;0.003;07.06;00.01;38.96;00.07;04.57;23.02;0;0;393,7.94,0.08,0.05,192.65,41.52,0.63,0.24,0.003,7.6,0.01,38.96,0.07,4.57,23.2,0,0
240;00.02;00.08;00.05;81.63;47.56.00;00.06;01.38;0.014;07.03;00.05;0,145138889;00.03;01.24;24.09.00;2500;1;240,0.2,0.08,0.05,81.63,47.56,0.06,1.38,0.014,7.3,0.05,2.89,0.03,1.24,24.9,2500,1
218;00.06;00.08;00.07;55.01.00;48.57.00;00.05;0,100694444;0.008;7;00.05;0,442361111;00.04;08.52;24.08.00;0;0;218,0.6,0.08,0.07,55.1,48.57,0.05,1.85,0.008,7,0.05,9.97,0.04,8.52,24.8,0,0
238;00.02;00.08;00.06;114.29.00;25.03.00;00.05;00.01;0.005;07.05;00.01;04.31;00.03;04.46;24.08.00;0;0;238,0.2,0.08,0.06,114.29,25.3,0.05,0.1,0.005,7.5,0.01,4.31,0.03,4.46,24.8,0,0
182;00.01;00.08;00.32;69.57.00;33.09.00;00.05;03.07;0.003;7;00.02;07.34;00.03;02.22;24.07.00;0;0;182,0.1,0.08,0.32,69.57,33.9,0.05,3.07,0.003,7,0.02,7.34,0.03,2.22,24.7,0,0
207;00.04;00.08;00.56;89.13.00;1,0125;00.09;00.45;0.003;06.08;00.01;0,606944444;00.03;02.31;24.08.00;1300;0;207,0.4,0.08,0.56,89.13,23.78,0.09,0.45,0.003,6.8,0.01,13.94,0.03,2.31,24.8,1300,0
173;00.01;00.08;00.07;50;44.01.00;00.08;02.37;0.005;05.04;00.32;0,227083333;00.03;0,063888889;24.08.00;0;1;173,0.1,0.08,0.07,50,44.01,0.08,2.37,0.005,5.4,0.32,4.87,0.03,0.92,24.8,0,1
125;03.07;00.08;00.01;52.17.00;0,5875;00.05;0,149305556;0.009;06.04;00.05;0,18125;00.03;00.28;24.04.00;4900;1;125,3.7,0.08,0.1,52.17,13.66,0.05,2.95,0.009,6.4,0.05,3.81,0.03,0.28,24.4,4900,1
101.06.00;00.01;00.08;00.39;34.78;1,0125;00.05;03.36;0.003;05.08;00.03;0,1375;00.03;00.25;24.06.00;0;1;101.6,0.1,0.08,0.39,34.78,23.78,0.05,3.36,0.003,5.8,0.03,2.78,0.03,0.25,24.6,0,1
259;00.08;00.08;00.18;119.57.00;35.41.00;00.05;00.19;0.003;07.02;00.01;0,254861111;00.03;00.18;24.05.00;100;1;259,0.8,0.08,0.18,119.57,35.41,0.05,0.19,0.003,7.2,0.01,5.67,0.03,0.18,24.5,100,1
169;00.02;00.08;00.08;58.07.00;27.83;00.05;0,146527778;0.003;06.06;02.04;03.57;00.03;01.23;24.05.00;0;1;169,0.2,0.08,0.08,58.7,27.83,0.05,2.91,0.003,6.6,2.4,3.57,0.03,1.23,24.5,0,1
155;01.03;00.08;00.14;47.83;35.92;00.05;02.01;0.003;06.09;00.04;03.01;00.05;04.56;24.04.00;0;0;155,1.3,0.08,0.14,47.83,35.92,0.05,2.1,0.003,6.9,0.04,3.1,0.05,4.56,24.4,0,0
242;00.02;00.08;00.14;123.91;0,927083333;00.05;00.36;0.003;07.07;00.01;06.04;00.03;01.06;24.05.00;100;1;242,0.2,0.08,0.14,123.91,21.75,0.05,0.36,0.003,7.7,0.01,6.4,0.03,1.6,24.5,100,1
209;00.01;00.08;00.12;73.91;33.09.00;00.05;02.48;0.003;07.03;00.03;32.62;00.03;0,057638889;24.05.00;100;0;209,0.1,0.08,0.12,73.91,33.9,0.05,2.48,0.003,7.3,0.03,32.62,0.03,0.83,24.5,100,0
262;00.01;00.08;00.24;108.07.00;41.99;00.05;03.07;0.006;7;00.01;24.54.00;00.04;01.23;24.04.00;0;0;262,0.1,0.08,0.24,108.7,41.99,0.05,3.07,0.006,7,0.01,24.54,0.04,1.23,24.4,0,0
211;01.05;00.08;00.15;80.43.00;41.49.00;00.56;00.22;0.004;06.09;00.01;0,845833333;00.03;00.04;24.03.00;1000;0;211,1.5,0.08,0.15,80.43,41.49,0.56,0.22,0.004,6.9,0.01,19.78,0.03,0.4,24.3,1000,0
258;01.55;00.08;00.05;87.76;31.37.00;00.05;0,174305556;0.043;06.07;00.01;14.43;00.03;0,231944444;23.06;100;0;258,1.55,0.08,0.05,87.76,31.37,0.05,3.71,0.043,6.7,0.01,14.43,0.03,4.94,23.6,100,0
237;02.31;00.09;00.04;87.76;26.81;00.05;00.47;0.054;07.04;00.01;44.21.00;00.03;04.02;23.07;1100;0;237,2.31,0.09,0.04,87.76,26.81,0.05,0.47,0.054,7.4,0.01,44.21,0.03,4.2,23.7,1100,0
134;00.02;00.08;00.05;55.01.00;28.84;00.05;01.49;0.004;07.02;00.05;03.15;00.03;0,136111111;24.08.00;700;1;134,0.02,0.08,0.05,55.1,28.84,0.05,1.49,0.004,7.2,0.05,3.15,0.03,2.76,24.8,700,1
263;00.02;00.08;00.01;93.88;50.59.00;00.05;0,092361111;0.004;7;00.02;21.18;00.03;0,044444444;24.08.00;0;1;263,0.02,0.08,0.1,93.88,50.59,0.05,1.73,0.004,7,0.02,21.18,0.03,0.64,24.8,0,1
275;00.06;00.08;00.11;114.29.00;53.12.00;00.05;02.37;00.01;07.04;00.03;15.03;00.03;02.46;24.08.00;136.24.00;0;275,0.6,0.08,0.11,114.29,53.12,0.05,2.37,0.01,7.4,0.03,15.03,0.03,2.46,24.8,136.24,0
268;15.03;00.16;00.08;106.12.00;34.91;00.05;0;0.005;06.09;00.01;13.44;00.08;01.33;24.08.00;0;0;268,15.3,0.16,0.08,106.12,34.91,0.5,0,0.005,6.9,0.01,13.44,0.08,1.33,24.8,0,0
147;00.02;00.08;00.06;46.94;17.02;00.05;0,151388889;0.004;7;00.02;0,383333333;00.03;00.04;24.08.00;300;1;147,0.02,0.08,0.06,46.94,17.2,0.05,2.98,0.004,7,0.02,8.72,0.03,0.4,24.8,300,1
152;00.02;00.08;00.07;46.94;08.06;00.05;02.35;0.003;07.02;00.02;0,254861111;00.03;0,065277778;24.08.00;0;1;152,0.02,0.08,0.07,46.94,8.6,0.05,2.35,0.003,7.2,0.02,5.67,0.03,0.94,24.8,0,1
212;00.02;00.08;00.06;77.55.00;49.07.00;00.05;00.09;0.004;06.05;00.04;0,220833333;00.03;0,110416667;24.08.00;0;1;212,0.02,0.08,0.06,77.55,49.07,0.05,0.9,0.004,6.5,0.04,4.78,0.03,1.99,24.8,0,1
77.03.00;00.01;00.08;00.13;34.69;11.13;00.03;05.08;0.006;6;00.01;04.52;00.03;04.03;23.04;3000;0;77.3,0.01,0.08,0.13,34.69,11.13,0.3,5.08,0.006,6,0.01,4.52,0.03,4.03,23.4,3000,0
119;00.02;00.08;00.02;44.09.00;0,8;00.05;05.06;0.003;06.04;00.02;0,26875;00.03;01.36;23.07;0;1;119,0.02,0.08,0.2,44.9,18.72,0.05,5.06,0.003,6.4,0.02,5.87,0.03,1.36,23.7,0,1
87.06.00;00.01;00.08;00.05;28.57.00;0,672222222;00.05;07.57;0.003;05.04;00.08;04.45;00.03;01.05;23.08;0;1;87.6,0.01,0.08,0.05,28.57,15.68,0.05,7.57,0.003,5.4,0.08,4.45,0.03,1.05,23.8,0,1
200;00.03;00.08;00.22;69.39.00;49.58.00;00.12;02.58;0.004;06.02;00.03;04.45;00.03;0,051388889;23.08;0;1;200,0.03,0.08,0.22,69.39,49.58,0.12,2.58,0.004,6.2,0.03,4.45,0.03,0.74,23.8,0,1
168;00.01;00.08;00.27;65.31.00;28.33.00;00.05;0,272916667;0.003;06.04;00.02;22.44;00.03;01.48;23.07;500;0;168,0.1,0.08,0.27,65.31,28.33,0.05,5.93,0.003,6.4,0.02,22.44,0.03,1.48,23.7,500,0
147;00.02;00.08;00.28;59.18.00;0,927083333;00.05;0,302777778;0.006;06.06;00.01;0,234722222;00.03;0,085416667;23.06;0;0;147,0.02,0.08,0.28,59.18,21.75,0.05,6.76,0.006,6.6,0.01,4.98,0.03,1.63,23.6,0,0
113;00.02;00.08;00.05;38.78;17.02;00.05;02.13;0.007;06.03;00.01;04.06;00.03;00.31;24.09.00;0;1;113,0.02,0.08,0.05,38.78,17.2,0.05,2.13,0.007,6.3,0.01,4.06,0.03,0.31,24.9,0,1
239;00.02;00.08;00.06;75.51.00;0,970138889;00.05;00.27;0.008;07.07;00.01;0,222916667;00.03;0,050694444;24.08.00;0;1;239,0.02,0.08,0.06,75.51,22.77,0.05,0.27,0.008,7.7,0.01,4.81,0.03,0.73,24.8,0,1
239;00.02;00.14;00.12;97.96;1,0125;00.05;0;0.005;07.06;00.01;23.07;00.03;00.16;24.08.00;1000;1;239,0.02,0.14,0.12,97.96,23.78,0.05,0,0.005,7.6,0.01,23.7,0.03,0.16,24.8,1000,1
145;00.02;00.08;00.05;55.01.00;21.25;00.05;01.42;0.005;06.07;00.03;0,852083333;00.03;00.16;24.08.00;0;1;145,0.02,0.08,0.05,55.1,21.25,0.05,1.42,0.005,6.7,0.03,19.87,0.03,0.16,24.8,0,1
305;00.02;00.08;00.05;126.53.00;44.28.00;00.05;00.14;0.006;08.02;00.01;46.72;00.03;03.44;24;0;0;305,0.2,0.08,0.05,126.53,44.28,0.05,0.14,0.006,8.2,0.01,46.72,0.03,3.44,24,0,0
466;00.02;00.08;00.39;0,511111111;46.87;00.05;00.12;0.008;08.03;00.07;3;00.15;07.45;23.06;0;0;466,0.02,0.08,0.39,11.76,46.87,0.05,0.12,0.008,8.3,0.07,3,0.15,7.45,23.6,0,0
1830;15.47;00.33;0,052777778;231.31.00;568.64;00.11;00.25;0.011;08.04;00.02;0,386805556;00.01;57.97;23.06;1000;0;1830,15.47,0.33,0.76,231.31,568.64,0.11,0.25,0.011,8.4,0.02,8.77,0.1,57.97,23.6,1000,0
296;0,067361111;00.08;00.29;0,552777778;36.78;00.05;00.09;0.004;8;00.01;20.47;00.06;05.34;23.05;0;0;296,0.97,0.08,0.29,12.76,36.78,0.05,0.09,0.004,8,0.01,20.47,0.06,5.34,23.5,0,0
421;0,796527778;00.08;00.22;44.87;47.27.00;00.24;00.13;0.005;07.07;00.01;37.81;00.28;11.28;23.05;200;0;421,18.67,0.08,0.22,44.87,47.27,0.24,0.13,0.005,7.7,0.01,37.81,0.28,11.28,23.5,200,0
315;0,19375;00.16;00.01;0,856944444;36.34.00;00.15;00.04;0.006;07.08;00.02;35.78;00.15;06.25;23.06;0;0;315,3.99,0.16,0.1,19.94,36.34,0.15,0.04,0.006,7.8,0.02,35.78,0.15,6.25,23.6,0,0
287;150.05.00;00.08;00.05;85.34.00;33.08.00;00.07;00.46;0.015;07.01;00.01;32.72;00.11;40.41.00;23.07;0;0;287,150.5,0.08,0.05,85.34,33.8,0.07,0.46,0.015,7.1,0.01,32.72,0.11,40.41,23.7,0,0
761;00.02;00.01;0,054861111;34.05.00;146.14.00;00.05;00.12;0.003;08.02;00.01;53.08.00;00.08;04.02;23.08;0;0;761,0.02,0.1,0.79,34.5,146.14,0.05,0.12,0.003,8.2,0.01,53.08,0.08,4.02,23.8,0,0
703;01.02;00.11;00.08;18.54;132.22.00;00.05;0,054861111;0.094;08.03;00.03;53.25.00;00.01;07.38;23.05;0;0;703,1.2,0.11,0.8,18.54,132.22,0.05,0.79,0.094,8.3,0.03,53.25,0.1,7.38,23.5,0,0
925;20.06;00.14;00.08;150.75;238.09.00;01.35;00.05;0.003;07.08;01.35;06.11;00.38;07.06;23.07;0;0;925,20.6,0.14,0.8,150.75,238.09,1.35,0.05,0.003,7.8,1.35,6.11,0.38,7.6,23.7,0,0
536;00.02;00.08;01.19;99.07.00;137.69;01.32;00.02;0.011;07.08;00.01;46.07.00;00.06;06.28;23.05;0;0;536,0.02,0.08,1.19,99.7,137.69,1.32,0.02,0.011,7.8,0.01,46.07,0.06,6.28,23.5,0,0
1310;00.02;00.01;01.07;0,856944444;201.09.00;00.05;00.15;0.003;08.05;00.01;224.27.00;00.17;03.13;23.04;0;0;1310,0.2,0.1,1.07,19.94,201.09,0.05,0.15,0.003,8.5,0.01,224.27,0.17,3.13,23.4,0,0
393;00.02;00.13;00.29;0,674305556;43.83;00.05;0;0.005;08.01;00.01;62.56.00;00.05;00.26;24.03.00;400;1;393,0.02,0.13,0.29,15.71,43.83,0.05,0,0.005,8.1,0.01,62.56,0.05,0.26,24.3,400,1
839;00.02;00.08;00.27;34.49.00;187.44.00;00.09;0;0.004;08.03;00.05;69.39.00;00.06;00.29;23.07;1200;0;839,0.02,0.08,0.27,34.49,187.44,0.09,0,0.004,8.3,0.05,69.39,0.06,0.29,23.7,1200,0
3060;00.02;00.08;00.54;204.29.00;285.84;00.39;0,063194444;0.033;08.05;00.25;59.71;00.04;00.38;24;0;0;3060,0.02,0.08,0.54,204.29,285.84,0.39,0.91,0.033,8.5,0.25,59.71,0.04,0.38,24,0,0
692;00.02;00.08;00.39;72.86;59.53.00;00.05;0;0.004;08.05;00.01;60.01.00;00.04;00.15;24.09.00;0;0;692,0.02,0.08,0.39,72.86,59.53,0.05,0,0.004,8.5,0.01,60.01,0.04,0.15,24.9,0,0
628;00.02;00.08;0,061805556;0,473611111;34.93;00.05;0;0.005;08.06;00.01;69.88;00.03;00.26;24.05.00;0;0;628,0.02,0.08,0.89,10.82,34.93,0.05,0,0.005,8.6,0.01,69.88,0.03,0.26,24.5,0,0
806;00.02;00.13;00.32;186.73;34.93;00.05;00.52;0.029;08.04;00.03;53.54.00;00.05;01.19;23.09;800;0;806,0.02,0.13,0.32,186.73,34.93,0.05,0.52,0.029,8.4,0.03,53.54,0.05,1.19,23.9,800,0
363;00.41;00.08;00.22;33.05.00;25.08.00;00.05;0,04375;0.007;08.02;00.01;40.84;00.06;0,232638889;23.06;100;0;363,0.41,0.08,0.22,33.5,25.8,0.05,0.63,0.007,8.2,0.01,40.84,0.06,4.95,23.6,100,0
352;0,892361111;0,045833333;00.05;78.56.00;60.24.00;02.17;00.08;0.011;08.01;00.02;54.29.00;00.08;13.03;23.05;0;0;352,20.85,0.66,0.05,78.56,60.24,2.17,0.08,0.011,8.1,0.02,54.29,0.08,13.03,23.5,0,0
488;00.43;00.08;00.19;45.46.00;65.12.00;00.05;03.18;0.006;08.02;00.01;110.48.00;00.07;05.04;23.08;300;0;488,0.43,0.08,0.19,45.46,65.12,0.05,3.18,0.006,8.2,0.01,110.48,0.07,5.4,23.8,300,0
363;0,059027778;00.08;00.21;90.53.00;42.75;00.05;02.15;00.09;08.02;00.02;24.25.00;00.06;05.57;23.09;0;0;363,0.85,0.08,0.21,90.53,42.75,0.05,2.15,0.09,8.2,0.02,24.25,0.06,5.57,23.9,0,0
270;00.02;00.09;00.19;125.01.00;25.19.00;00.06;01.22;0.004;07.09;00.03;43.97;00.03;00.16;23.07;0;1;270,0.02,0.09,0.19,125.1,25.19,0.06,1.22,0.004,7.9,0.03,43.97,0.03,0.16,23.7,0,1
255;00.02;00.08;00.09;113.27.00;41.92;00.05;0,134027778;0.007;07.01;00.03;45.87;00.04;00.22;23.01;0;1;255,0.02,0.08,0.09,113.27,41.92,0.05,2.73,0.007,7.1,0.03,45.87,0.04,0.22,23.1,0,1
289;00.02;00.08;00.28;102.24.00;30.55.00;00.05;01.42;0.003;07.07;00.04;37.56.00;00.03;02.07;23;0;0;289,0.02,0.08,0.28,102.24,30.55,0.05,1.42,0.003,7.7,0.04,37.56,0.03,2.07,23,0,0
207;00.02;00.08;00.04;86.73;1,004166667;00.05;0,142361111;0.003;07.07;00.03;53.69;00.03;02.25;23.02;200;0;207,0.02,0.08,0.04,86.73,23.66,0.05,2.85,0.003,7.7,0.03,53.69,0.03,2.25,23.2,200,0
474;00.01;00.08;00.05;118.37.00;65.92;00.28;0;0.003;08.02;00.01;0,985416667;00.05;04.27;23.02;800;0;474,0.01,0.08,0.05,118.37,65.92,0.28,0,0.003,8.2,0.01,22.99,0.05,4.27,23.2,800,0
179;00.04;00.08;00.05;56.12.00;17.27;00.05;0,047916667;0.003;07.08;00.12;28.05.00;00.03;0,257638889;23.01;0;0;179,0.4,0.08,0.05,56.12,17.27,0.05,0.69,0.003,7.8,0.12,28.5,0.03,5.71,23.1,0,0
454;0,050694444;00.08;00.05;265.31.00;32.27.00;00.05;0;0.003;07.09;00.14;28.42.00;00.03;0,213194444;23.01;100;0;454,0.73,0.08,0.05,265.31,32.27,0.05,0,0.003,7.9,0.14,28.42,0.03,4.67,23.1,100,0
313;44.52.00;00.12;00.16;143.67;35.77;01.09;0;0.009;08.01;00.01;26.05.00;00.32;0,148611111;23.03;0;0;313,44.52,0.12,0.16,143.67,35.77,1.09,0,0.009,8.1,0.01,26.05,0.32,2.94,23.3,0,0
170;00.01;00.08;00.14;57.14.00;0,842361111;00.05;0,067361111;00.01;8;00.11;25.36.00;00.03;0,148611111;23.02;100;1;170,0.1,0.08,0.14,57.14,19.73,0.05,0.97,0.01,8,0.11,25.36,0.03,2.94,23.2,100,1
153;00.01;00.08;00.11;61.02.00;19.43;00.05;0,066666667;0.007;07.09;00.02;29.69;00.03;00.51;23.02;0;1;153,0.1,0.08,0.11,61.02,19.43,0.05,0.96,0.007,7.9,0.02,29.69,0.03,0.51,23.2,0,1
249;00.04;00.08;00.17;121.22.00;0,927083333;00.05;00.49;0.003;08.01;00.02;36;00.03;01.02;23.04;2200;0;249,0.4,0.08,0.17,121.22,21.75,0.05,0.49,0.003,8.1,0.02,36,0.03,1.2,23.4,2200,0
203;00.02;00.08;00.08;87.76;36.16.00;00.05;02.17;0.003;07.07;00.41;15.11;00.03;00.13;23.01;1200;1;203,0.02,0.08,0.08,87.76,36.16,0.05,2.17,0.003,7.7,0.41,15.11,0.03,0.13,23.1,1200,1
231;00.02;00.22;00.08;85.74;26.79;01.37;01.07;0.007;08.01;00.02;21.27;00.06;06.22;24;100;0;231,0.2,0.22,0.08,85.74,26.79,1.37,1.07,0.007,8.1,0.02,21.27,0.06,6.22,24,100,0
350;00.02;00.08;00.23;100.09.00;47.22.00;00.05;0,056944444;0.014;08.02;00.01;17.07;00.07;06.09;23.09;118.56.00;0;350,0.02,0.08,0.23,100.9,47.22,0.05,0.82,0.014,8.2,0.01,17.7,0.07,6.9,23.9,118.56,0
259;00.04;00.08;00.05;85.34.00;41.26.00;00.07;0,109027778;0.003;8;00.05;34.78;00.06;04.27;23.07;200;0;259,0.4,0.08,0.05,85.34,41.26,0.07,1.97,0.003,8,0.05,34.78,0.06,4.27,23.7,200,0
316;00.02;00.08;00.05;112.66;51.69;01.26;0,143055556;0.032;08.02;00.01;49.35.00;00.06;05.18;23.06;0;0;316,0.02,0.08,0.05,112.66,51.69,1.26,2.86,0.032,8.2,0.01,49.35,0.06,5.18,23.6,0,0
330;31.02.00;00.18;00.05;105.48.00;40.71;00.38;00.56;0.043;08.03;00.03;44.35.00;00.07;08.16;23.08;800;0;330,31.2,0.18,0.05,105.48,40.71,0.38,0.56,0.043,8.3,0.03,44.35,0.07,8.16,23.8,800,0
436;25.08.00;00.12;00.05;158.72;75.06.00;00.05;00.16;0.039;08.02;00.01;21.01;00.07;07.45;23.08;473.08.00;0;436,25.8,0.12,0.05,158.72,75.06,0.05,0.16,0.039,8.2,0.01,21.01,0.07,7.45,23.8,473.8,0
245;00.02;00.08;00.19;67.06.00;31.66;00.05;03.33;0,100694444;07.01;00.02;35.43.00;00.05;0,558333333;23.06;2700;0;245,0.02,0.08,0.19,67.6,31.66,0.05,3.33,0.145,7.1,0.02,35.43,0.05,12.84,23.6,2700,0
175;00.02;00.08;00.06;67.35.00;217.45.00;00.05;00.33;0.004;07.06;00.04;21.54;00.03;00.17;23.04;0;1;175,0.02,0.08,0.06,67.35,217.45,0.05,0.33,0.004,7.6,0.4,21.54,0.03,0.17,23.4,0,1
500;01.07;00.08;00.02;67.35.00;59.04.00;00.05;00.24;0.006;08.05;00.01;73.11.00;00.03;04.17;24.05.00;0;0;500,1.7,0.08,0.2,67.35,59.04,0.05,0.24,0.006,8.5,0.01,73.11,0.03,4.17,24.5,0,0
296;00.18;00.08;00.05;114.08.00;38.47.00;00.05;03.23;0.008;07.08;00.02;0,397222222;00.03;04.07;23.02;600;0;296,0.18,0.08,0.05,114.08,38.47,0.05,3.23,0.008,7.8,0.02,8.92,0.03,4.7,23.2,600,0
485;0,044444444;00.08;00.05;224.08.00;61.05.00;00.05;03.17;0.003;07.09;00.03;57.09.00;00.03;05.37;23.04;0;0;485,0.64,0.08,0.05,224.08,61.5,0.05,3.17,0.003,7.9,0.03,57.09,0.03,5.37,23.4,0,0
